N101,1=3:30PM;8:30PM|2=3:30PM;8:30PM|3=3:30PM;8:30PM|4=3:30PM;8:30PM|5=3:30PM;8:30PM|6=3:30PM;8:30PM|7=3:30PM;8:30PM
N102,1=2:15PM;7:15PM|2=2:15PM;7:15PM|3=2:15PM;7:15PM|4=2:15PM;7:15PM|5=2:15PM;7:15PM|6=2:15PM;7:15PM|7=2:15PM;7:15PM
N103,1=12:20PM;14:20PM;20:10PM|2=12:20PM;14:20PM;16:20PM;18:20PM;19:20PM;20:10PM|4=12:20PM;14:20PM;20:10PM|5=12:20PM;14:20PM;20:10PM|6=12:20PM;14:20PM;20:10PM|7=12:20PM;14:20PM;20:10PM
X105,1=2:15PM;7:15PM|2=2:15PM;7:15PM|3=2:15PM;7:15PM|4=2:15PM;7:15PM|6=2:15PM;7:15PM|7=2:15PM;7:15PM
Z105,1=10:45AM;2:15PM;7:15PM|2=10:45AM;2:15PM;7:15PM|3=10:45AM;2:15PM;7:15PM|5=10:45AM;2:15PM;7:15PM|6=10:45AM;2:15PM;7:15PM|7=10:45AM;2:15PM;7:15PM
AB05,1=3:30PM;8:30PM|2=3:30PM;8:30PM|3=3:30PM;8:30PM|4=3:30PM;8:30PM|5=3:30PM;8:30PM|6=3:30PM;8:30PM|7=3:30PM;8:30PM
GB05,1=10:45AM;2:15PM;7:15PM|2=10:45AM;2:15PM;7:15PM|3=10:45AM;2:15PM;7:15PM|5=10:45AM;2:15PM;7:15PM|6=10:45AM;2:15PM;7:15PM|7=10:45AM;2:15PM;7:15PM
US05,1=3:30PM;8:30PM|2=3:30PM;8:30PM|3=3:30PM;8:30PM|4=3:30PM;8:30PM|5=3:30PM;8:30PM|6=3:30PM;8:30PM|7=3:30PM;8:30PM
FR05,1=10:45AM;2:15PM;7:15PM|2=10:45AM;2:15PM;7:15PM|3=10:45AM;2:15PM;7:15PM|5=10:45AM;2:15PM;7:15PM|6=10:45AM;2:15PM;7:15PM|7=10:45AM;2:15PM;7:15PM
EN05,1=10:45AM;2:15PM;7:15PM|2=10:45AM;2:15PM;7:15PM|3=10:45AM;2:15PM;7:15PM|5=10:45AM;2:15PM;7:15PM|6=10:45AM;2:15PM;7:15PM|7=10:45AM;2:15PM;7:15PM
EN15,1=3:30PM;8:30PM|2=3:30PM;8:30PM|3=3:30PM;8:30PM|4=3:30PM;8:30PM|5=3:30PM;8:30PM|6=3:30PM;8:30PM|7=3:30PM;8:30PM
W275,
JH25,1=12:20PM;14:20PM
KL15,1=3:30PM;8:30PM|2=3:30PM;8:30PM|3=3:30PM;8:30PM|4=3:30PM;8:30PM|5=3:30PM;8:30PM|6=3:30PM;8:30PM|7=3:30PM;8:30PM
HG51,1=10:45AM;2:15PM;7:15PM|2=10:45AM;2:15PM;7:15PM|3=10:45AM;2:15PM;7:15PM|5=10:45AM;2:15PM;7:15PM|6=10:45AM;2:15PM;7:15PM|7=10:45AM;2:15PM;7:15PM
BB02,1=10:45AM;2:15PM;7:15PM|2=10:45AM;2:15PM;7:15PM|3=10:45AM;2:15PM;7:15PM|5=10:45AM;2:15PM;7:15PM|6=10:45AM;2:15PM;7:15PM|7=10:45AM;2:15PM;7:15PM
AN06,1=2:15PM;7:15PM|2=2:15PM;7:15PM|3=2:15PM;7:15PM|4=2:15PM;7:15PM|6=2:15PM;7:15PM|7=2:15PM;7:15PM
KB15,1=3:30PM;8:30PM|2=3:30PM;8:30PM|3=3:30PM;8:30PM|4=3:30PM;8:30PM|5=3:30PM;8:30PM|6=3:30PM;8:30PM|7=3:30PM;8:30PM
TT05,1=2:15PM;7:15PM|2=2:15PM;7:15PM|3=2:15PM;7:15PM|4=2:15PM;7:15PM|6=2:15PM;7:15PM|7=2:15PM;7:15PM
L705,1=2:15PM;7:15PM|2=2:15PM;7:15PM|3=2:15PM;7:15PM|4=2:15PM;7:15PM|6=2:15PM;7:15PM|7=2:15PM;7:15PM
H555,1=3:30PM;8:30PM|2=3:30PM;8:30PM|3=3:30PM;8:30PM|4=3:30PM;8:30PM|5=3:30PM;8:30PM|6=3:30PM;8:30PM|7=3:30PM;8:30PM